area_name,indicator,date,measure,unit,value,group
Trafford,Google community mobility trends,2020-02-15,Percentage change from baseline,Visits and length of stay,-0.07,Retail & recreation
Trafford,Google community mobility trends,2020-02-15,Percentage change from baseline,Visits and length of stay,-0.05,Supermarket & pharmacy
Trafford,Google community mobility trends,2020-02-15,Percentage change from baseline,Visits and length of stay,-0.33,Parks*
Trafford,Google community mobility trends,2020-02-16,Percentage change from baseline,Visits and length of stay,0.02,Retail & recreation
Trafford,Google community mobility trends,2020-02-16,Percentage change from baseline,Visits and length of stay,-0.02,Supermarket & pharmacy
Trafford,Google community mobility trends,2020-02-16,Percentage change from baseline,Visits and length of stay,0.01,Parks*
Trafford,Google community mobility trends,2020-02-17,Percentage change from baseline,Visits and length of stay,0.21,Retail & recreation
Trafford,Google community mobility trends,2020-02-17,Percentage change from baseline,Visits and length of stay,0.01,Supermarket & pharmacy
Trafford,Google community mobility trends,2020-02-17,Percentage change from baseline,Visits and length of stay,0.36,Parks*
Trafford,Google community mobility trends,2020-02-18,Percentage change from baseline,Visits and length of stay,0.21,Retail & recreation
Trafford,Google community mobility trends,2020-02-18,Percentage change from baseline,Visits and length of stay,0.01,Supermarket & pharmacy
Trafford,Google community mobility trends,2020-02-18,Percentage change from baseline,Visits and length of stay,0.38,Parks*
Trafford,Google community mobility trends,2020-02-19,Percentage change from baseline,Visits and length of stay,0.14,Retail & recreation
Trafford,Google community mobility trends,2020-02-19,Percentage change from baseline,Visits and length of stay,-0.01,Supermarket & pharmacy
Trafford,Google community mobility trends,2020-02-19,Percentage change from baseline,Visits and length of stay,0.11,Parks*
Trafford,Google community mobility trends,2020-02-20,Percentage change from baseline,Visits and length of stay,0.22,Retail & recreation
Trafford,Google community mobility trends,2020-02-20,Percentage change from baseline,Visits and length of stay,0,Supermarket & pharmacy
Trafford,Google community mobility trends,2020-02-20,Percentage change from baseline,Visits and length of stay,0.18,Parks*
Trafford,Google community mobility trends,2020-02-21,Percentage change from baseline,Visits and length of stay,0.12,Retail & recreation
Trafford,Google community mobility trends,2020-02-21,Percentage change from baseline,Visits and length of stay,-0.02,Supermarket & pharmacy
Trafford,Google community mobility trends,2020-02-21,Percentage change from baseline,Visits and length of stay,0.24,Parks*
Trafford,Google community mobility trends,2020-02-22,Percentage change from baseline,Visits and length of stay,0.01,Retail & recreation
Trafford,Google community mobility trends,2020-02-22,Percentage change from baseline,Visits and length of stay,0,Supermarket & pharmacy
Trafford,Google community mobility trends,2020-02-22,Percentage change from baseline,Visits and length of stay,-0.06,Parks*
Trafford,Google community mobility trends,2020-02-23,Percentage change from baseline,Visits and length of stay,0.3,Retail & recreation
Trafford,Google community mobility trends,2020-02-23,Percentage change from baseline,Visits and length of stay,-0.02,Supermarket & pharmacy
Trafford,Google community mobility trends,2020-02-23,Percentage change from baseline,Visits and length of stay,0.17,Parks*
Trafford,Google community mobility trends,2020-02-24,Percentage change from baseline,Visits and length of stay,-0.01,Retail & recreation
Trafford,Google community mobility trends,2020-02-24,Percentage change from baseline,Visits and length of stay,-0.01,Supermarket & pharmacy
Trafford,Google community mobility trends,2020-02-24,Percentage change from baseline,Visits and length of stay,0.02,Parks*
Trafford,Google community mobility trends,2020-02-25,Percentage change from baseline,Visits and length of stay,-0.03,Retail & recreation
Trafford,Google community mobility trends,2020-02-25,Percentage change from baseline,Visits and length of stay,0.05,Supermarket & pharmacy
Trafford,Google community mobility trends,2020-02-25,Percentage change from baseline,Visits and length of stay,0.01,Parks*
Trafford,Google community mobility trends,2020-02-26,Percentage change from baseline,Visits and length of stay,-0.03,Retail & recreation
Trafford,Google community mobility trends,2020-02-26,Percentage change from baseline,Visits and length of stay,-0.01,Supermarket & pharmacy
Trafford,Google community mobility trends,2020-02-26,Percentage change from baseline,Visits and length of stay,-0.08,Parks*
Trafford,Google community mobility trends,2020-02-27,Percentage change from baseline,Visits and length of stay,0.37,Retail & recreation
Trafford,Google community mobility trends,2020-02-27,Percentage change from baseline,Visits and length of stay,0.06,Supermarket & pharmacy
Trafford,Google community mobility trends,2020-02-27,Percentage change from baseline,Visits and length of stay,0.13,Parks*
Trafford,Google community mobility trends,2020-02-28,Percentage change from baseline,Visits and length of stay,-0.01,Retail & recreation
Trafford,Google community mobility trends,2020-02-28,Percentage change from baseline,Visits and length of stay,0.02,Supermarket & pharmacy
Trafford,Google community mobility trends,2020-02-28,Percentage change from baseline,Visits and length of stay,-0.16,Parks*
Trafford,Google community mobility trends,2020-02-29,Percentage change from baseline,Visits and length of stay,-0.03,Retail & recreation
Trafford,Google community mobility trends,2020-02-29,Percentage change from baseline,Visits and length of stay,0.07,Supermarket & pharmacy
Trafford,Google community mobility trends,2020-02-29,Percentage change from baseline,Visits and length of stay,-0.15,Parks*
Trafford,Google community mobility trends,2020-03-01,Percentage change from baseline,Visits and length of stay,-0.05,Retail & recreation
Trafford,Google community mobility trends,2020-03-01,Percentage change from baseline,Visits and length of stay,0,Supermarket & pharmacy
Trafford,Google community mobility trends,2020-03-01,Percentage change from baseline,Visits and length of stay,0.09,Parks*
Trafford,Google community mobility trends,2020-03-02,Percentage change from baseline,Visits and length of stay,-0.01,Retail & recreation
Trafford,Google community mobility trends,2020-03-02,Percentage change from baseline,Visits and length of stay,0.05,Supermarket & pharmacy
Trafford,Google community mobility trends,2020-03-02,Percentage change from baseline,Visits and length of stay,0.06,Parks*
Trafford,Google community mobility trends,2020-03-03,Percentage change from baseline,Visits and length of stay,-0.03,Retail & recreation
Trafford,Google community mobility trends,2020-03-03,Percentage change from baseline,Visits and length of stay,0.05,Supermarket & pharmacy
Trafford,Google community mobility trends,2020-03-03,Percentage change from baseline,Visits and length of stay,-0.07,Parks*
Trafford,Google community mobility trends,2020-03-04,Percentage change from baseline,Visits and length of stay,-0.06,Retail & recreation
Trafford,Google community mobility trends,2020-03-04,Percentage change from baseline,Visits and length of stay,0.09,Supermarket & pharmacy
Trafford,Google community mobility trends,2020-03-04,Percentage change from baseline,Visits and length of stay,-0.07,Parks*
Trafford,Google community mobility trends,2020-03-05,Percentage change from baseline,Visits and length of stay,0,Retail & recreation
Trafford,Google community mobility trends,2020-03-05,Percentage change from baseline,Visits and length of stay,0.07,Supermarket & pharmacy
Trafford,Google community mobility trends,2020-03-05,Percentage change from baseline,Visits and length of stay,0.11,Parks*
Trafford,Google community mobility trends,2020-03-06,Percentage change from baseline,Visits and length of stay,-0.02,Retail & recreation
Trafford,Google community mobility trends,2020-03-06,Percentage change from baseline,Visits and length of stay,0.05,Supermarket & pharmacy
Trafford,Google community mobility trends,2020-03-06,Percentage change from baseline,Visits and length of stay,0.18,Parks*
Trafford,Google community mobility trends,2020-03-07,Percentage change from baseline,Visits and length of stay,-0.06,Retail & recreation
Trafford,Google community mobility trends,2020-03-07,Percentage change from baseline,Visits and length of stay,0.05,Supermarket & pharmacy
Trafford,Google community mobility trends,2020-03-07,Percentage change from baseline,Visits and length of stay,-0.06,Parks*
Trafford,Google community mobility trends,2020-03-08,Percentage change from baseline,Visits and length of stay,0.31,Retail & recreation
Trafford,Google community mobility trends,2020-03-08,Percentage change from baseline,Visits and length of stay,0.05,Supermarket & pharmacy
Trafford,Google community mobility trends,2020-03-08,Percentage change from baseline,Visits and length of stay,0.16,Parks*
Trafford,Google community mobility trends,2020-03-09,Percentage change from baseline,Visits and length of stay,-0.05,Retail & recreation
Trafford,Google community mobility trends,2020-03-09,Percentage change from baseline,Visits and length of stay,0.03,Supermarket & pharmacy
Trafford,Google community mobility trends,2020-03-09,Percentage change from baseline,Visits and length of stay,-0.12,Parks*
Trafford,Google community mobility trends,2020-03-10,Percentage change from baseline,Visits and length of stay,-0.02,Retail & recreation
Trafford,Google community mobility trends,2020-03-10,Percentage change from baseline,Visits and length of stay,0.08,Supermarket & pharmacy
Trafford,Google community mobility trends,2020-03-10,Percentage change from baseline,Visits and length of stay,-0.01,Parks*
Trafford,Google community mobility trends,2020-03-11,Percentage change from baseline,Visits and length of stay,-0.1,Retail & recreation
Trafford,Google community mobility trends,2020-03-11,Percentage change from baseline,Visits and length of stay,0.07,Supermarket & pharmacy
Trafford,Google community mobility trends,2020-03-11,Percentage change from baseline,Visits and length of stay,-0.16,Parks*
Trafford,Google community mobility trends,2020-03-12,Percentage change from baseline,Visits and length of stay,-0.03,Retail & recreation
Trafford,Google community mobility trends,2020-03-12,Percentage change from baseline,Visits and length of stay,0.13,Supermarket & pharmacy
Trafford,Google community mobility trends,2020-03-12,Percentage change from baseline,Visits and length of stay,-0.06,Parks*
Trafford,Google community mobility trends,2020-03-13,Percentage change from baseline,Visits and length of stay,-0.08,Retail & recreation
Trafford,Google community mobility trends,2020-03-13,Percentage change from baseline,Visits and length of stay,0.14,Supermarket & pharmacy
Trafford,Google community mobility trends,2020-03-13,Percentage change from baseline,Visits and length of stay,0.02,Parks*
Trafford,Google community mobility trends,2020-03-14,Percentage change from baseline,Visits and length of stay,-0.16,Retail & recreation
Trafford,Google community mobility trends,2020-03-14,Percentage change from baseline,Visits and length of stay,0.13,Supermarket & pharmacy
Trafford,Google community mobility trends,2020-03-14,Percentage change from baseline,Visits and length of stay,-0.21,Parks*
Trafford,Google community mobility trends,2020-03-15,Percentage change from baseline,Visits and length of stay,-0.17,Retail & recreation
Trafford,Google community mobility trends,2020-03-15,Percentage change from baseline,Visits and length of stay,0.1,Supermarket & pharmacy
Trafford,Google community mobility trends,2020-03-15,Percentage change from baseline,Visits and length of stay,-0.17,Parks*
Trafford,Google community mobility trends,2020-03-16,Percentage change from baseline,Visits and length of stay,-0.08,Retail & recreation
Trafford,Google community mobility trends,2020-03-16,Percentage change from baseline,Visits and length of stay,0.26,Supermarket & pharmacy
Trafford,Google community mobility trends,2020-03-16,Percentage change from baseline,Visits and length of stay,0.05,Parks*
Trafford,Google community mobility trends,2020-03-17,Percentage change from baseline,Visits and length of stay,-0.17,Retail & recreation
Trafford,Google community mobility trends,2020-03-17,Percentage change from baseline,Visits and length of stay,0.3,Supermarket & pharmacy
Trafford,Google community mobility trends,2020-03-17,Percentage change from baseline,Visits and length of stay,-0.15,Parks*
Trafford,Google community mobility trends,2020-03-18,Percentage change from baseline,Visits and length of stay,-0.27,Retail & recreation
Trafford,Google community mobility trends,2020-03-18,Percentage change from baseline,Visits and length of stay,0.31,Supermarket & pharmacy
Trafford,Google community mobility trends,2020-03-18,Percentage change from baseline,Visits and length of stay,-0.45,Parks*
Trafford,Google community mobility trends,2020-03-19,Percentage change from baseline,Visits and length of stay,-0.23,Retail & recreation
Trafford,Google community mobility trends,2020-03-19,Percentage change from baseline,Visits and length of stay,0.33,Supermarket & pharmacy
Trafford,Google community mobility trends,2020-03-19,Percentage change from baseline,Visits and length of stay,-0.18,Parks*
Trafford,Google community mobility trends,2020-03-20,Percentage change from baseline,Visits and length of stay,-0.37,Retail & recreation
Trafford,Google community mobility trends,2020-03-20,Percentage change from baseline,Visits and length of stay,0.13,Supermarket & pharmacy
Trafford,Google community mobility trends,2020-03-20,Percentage change from baseline,Visits and length of stay,-0.11,Parks*
Trafford,Google community mobility trends,2020-03-21,Percentage change from baseline,Visits and length of stay,-0.61,Retail & recreation
Trafford,Google community mobility trends,2020-03-21,Percentage change from baseline,Visits and length of stay,0.01,Supermarket & pharmacy
Trafford,Google community mobility trends,2020-03-21,Percentage change from baseline,Visits and length of stay,-0.41,Parks*
Trafford,Google community mobility trends,2020-03-22,Percentage change from baseline,Visits and length of stay,-0.67,Retail & recreation
Trafford,Google community mobility trends,2020-03-22,Percentage change from baseline,Visits and length of stay,-0.17,Supermarket & pharmacy
Trafford,Google community mobility trends,2020-03-22,Percentage change from baseline,Visits and length of stay,-0.33,Parks*
Trafford,Google community mobility trends,2020-03-23,Percentage change from baseline,Visits and length of stay,-0.52,Retail & recreation
Trafford,Google community mobility trends,2020-03-23,Percentage change from baseline,Visits and length of stay,-0.1,Supermarket & pharmacy
Trafford,Google community mobility trends,2020-03-23,Percentage change from baseline,Visits and length of stay,-0.32,Parks*
Trafford,Google community mobility trends,2020-03-24,Percentage change from baseline,Visits and length of stay,-0.73,Retail & recreation
Trafford,Google community mobility trends,2020-03-24,Percentage change from baseline,Visits and length of stay,-0.27,Supermarket & pharmacy
Trafford,Google community mobility trends,2020-03-24,Percentage change from baseline,Visits and length of stay,-0.41,Parks*
Trafford,Google community mobility trends,2020-03-25,Percentage change from baseline,Visits and length of stay,-0.77,Retail & recreation
Trafford,Google community mobility trends,2020-03-25,Percentage change from baseline,Visits and length of stay,-0.27,Supermarket & pharmacy
Trafford,Google community mobility trends,2020-03-25,Percentage change from baseline,Visits and length of stay,-0.43,Parks*
Trafford,Google community mobility trends,2020-03-26,Percentage change from baseline,Visits and length of stay,-0.76,Retail & recreation
Trafford,Google community mobility trends,2020-03-26,Percentage change from baseline,Visits and length of stay,-0.28,Supermarket & pharmacy
Trafford,Google community mobility trends,2020-03-26,Percentage change from baseline,Visits and length of stay,-0.4,Parks*
Trafford,Google community mobility trends,2020-03-27,Percentage change from baseline,Visits and length of stay,-0.79,Retail & recreation
Trafford,Google community mobility trends,2020-03-27,Percentage change from baseline,Visits and length of stay,-0.3,Supermarket & pharmacy
Trafford,Google community mobility trends,2020-03-27,Percentage change from baseline,Visits and length of stay,-0.47,Parks*
Trafford,Google community mobility trends,2020-03-28,Percentage change from baseline,Visits and length of stay,-0.87,Retail & recreation
Trafford,Google community mobility trends,2020-03-28,Percentage change from baseline,Visits and length of stay,-0.4,Supermarket & pharmacy
Trafford,Google community mobility trends,2020-03-28,Percentage change from baseline,Visits and length of stay,-0.74,Parks*
Trafford,Google community mobility trends,2020-03-29,Percentage change from baseline,Visits and length of stay,-0.88,Retail & recreation
Trafford,Google community mobility trends,2020-03-29,Percentage change from baseline,Visits and length of stay,-0.47,Supermarket & pharmacy
Trafford,Google community mobility trends,2020-03-29,Percentage change from baseline,Visits and length of stay,-0.67,Parks*
Trafford,Google community mobility trends,2020-03-30,Percentage change from baseline,Visits and length of stay,-0.77,Retail & recreation
Trafford,Google community mobility trends,2020-03-30,Percentage change from baseline,Visits and length of stay,-0.35,Supermarket & pharmacy
Trafford,Google community mobility trends,2020-03-30,Percentage change from baseline,Visits and length of stay,-0.51,Parks*
Trafford,Google community mobility trends,2020-03-31,Percentage change from baseline,Visits and length of stay,-0.77,Retail & recreation
Trafford,Google community mobility trends,2020-03-31,Percentage change from baseline,Visits and length of stay,-0.31,Supermarket & pharmacy
Trafford,Google community mobility trends,2020-03-31,Percentage change from baseline,Visits and length of stay,-0.44,Parks*
Trafford,Google community mobility trends,2020-04-01,Percentage change from baseline,Visits and length of stay,-0.79,Retail & recreation
Trafford,Google community mobility trends,2020-04-01,Percentage change from baseline,Visits and length of stay,-0.33,Supermarket & pharmacy
Trafford,Google community mobility trends,2020-04-01,Percentage change from baseline,Visits and length of stay,-0.59,Parks*
Trafford,Google community mobility trends,2020-04-02,Percentage change from baseline,Visits and length of stay,-0.78,Retail & recreation
Trafford,Google community mobility trends,2020-04-02,Percentage change from baseline,Visits and length of stay,-0.34,Supermarket & pharmacy
Trafford,Google community mobility trends,2020-04-02,Percentage change from baseline,Visits and length of stay,-0.53,Parks*
Trafford,Google community mobility trends,2020-04-03,Percentage change from baseline,Visits and length of stay,-0.8,Retail & recreation
Trafford,Google community mobility trends,2020-04-03,Percentage change from baseline,Visits and length of stay,-0.31,Supermarket & pharmacy
Trafford,Google community mobility trends,2020-04-03,Percentage change from baseline,Visits and length of stay,-0.46,Parks*
Trafford,Google community mobility trends,2020-04-04,Percentage change from baseline,Visits and length of stay,-0.86,Retail & recreation
Trafford,Google community mobility trends,2020-04-04,Percentage change from baseline,Visits and length of stay,-0.37,Supermarket & pharmacy
Trafford,Google community mobility trends,2020-04-04,Percentage change from baseline,Visits and length of stay,-0.68,Parks*
Trafford,Google community mobility trends,2020-04-05,Percentage change from baseline,Visits and length of stay,-0.87,Retail & recreation
Trafford,Google community mobility trends,2020-04-05,Percentage change from baseline,Visits and length of stay,-0.44,Supermarket & pharmacy
Trafford,Google community mobility trends,2020-04-05,Percentage change from baseline,Visits and length of stay,-0.54,Parks*
Trafford,Google community mobility trends,2020-04-06,Percentage change from baseline,Visits and length of stay,-0.76,Retail & recreation
Trafford,Google community mobility trends,2020-04-06,Percentage change from baseline,Visits and length of stay,-0.32,Supermarket & pharmacy
Trafford,Google community mobility trends,2020-04-06,Percentage change from baseline,Visits and length of stay,-0.44,Parks*
Trafford,Google community mobility trends,2020-04-07,Percentage change from baseline,Visits and length of stay,-0.76,Retail & recreation
Trafford,Google community mobility trends,2020-04-07,Percentage change from baseline,Visits and length of stay,-0.28,Supermarket & pharmacy
Trafford,Google community mobility trends,2020-04-07,Percentage change from baseline,Visits and length of stay,-0.27,Parks*
Trafford,Google community mobility trends,2020-04-08,Percentage change from baseline,Visits and length of stay,-0.78,Retail & recreation
Trafford,Google community mobility trends,2020-04-08,Percentage change from baseline,Visits and length of stay,-0.27,Supermarket & pharmacy
Trafford,Google community mobility trends,2020-04-08,Percentage change from baseline,Visits and length of stay,-0.45,Parks*
Trafford,Google community mobility trends,2020-04-09,Percentage change from baseline,Visits and length of stay,-0.73,Retail & recreation
Trafford,Google community mobility trends,2020-04-09,Percentage change from baseline,Visits and length of stay,-0.2,Supermarket & pharmacy
Trafford,Google community mobility trends,2020-04-09,Percentage change from baseline,Visits and length of stay,-0.46,Parks*
Trafford,Google community mobility trends,2020-04-10,Percentage change from baseline,Visits and length of stay,-0.82,Retail & recreation
Trafford,Google community mobility trends,2020-04-10,Percentage change from baseline,Visits and length of stay,-0.35,Supermarket & pharmacy
Trafford,Google community mobility trends,2020-04-10,Percentage change from baseline,Visits and length of stay,-0.42,Parks*
Trafford,Google community mobility trends,2020-04-11,Percentage change from baseline,Visits and length of stay,-0.85,Retail & recreation
Trafford,Google community mobility trends,2020-04-11,Percentage change from baseline,Visits and length of stay,-0.33,Supermarket & pharmacy
Trafford,Google community mobility trends,2020-04-11,Percentage change from baseline,Visits and length of stay,-0.61,Parks*
Trafford,Google community mobility trends,2020-04-12,Percentage change from baseline,Visits and length of stay,-0.94,Retail & recreation
Trafford,Google community mobility trends,2020-04-12,Percentage change from baseline,Visits and length of stay,-0.69,Supermarket & pharmacy
Trafford,Google community mobility trends,2020-04-12,Percentage change from baseline,Visits and length of stay,-0.59,Parks*
Trafford,Google community mobility trends,2020-04-13,Percentage change from baseline,Visits and length of stay,-0.8,Retail & recreation
Trafford,Google community mobility trends,2020-04-13,Percentage change from baseline,Visits and length of stay,-0.39,Supermarket & pharmacy
Trafford,Google community mobility trends,2020-04-13,Percentage change from baseline,Visits and length of stay,-0.27,Parks*
Trafford,Google community mobility trends,2020-04-14,Percentage change from baseline,Visits and length of stay,-0.74,Retail & recreation
Trafford,Google community mobility trends,2020-04-14,Percentage change from baseline,Visits and length of stay,-0.26,Supermarket & pharmacy
Trafford,Google community mobility trends,2020-04-14,Percentage change from baseline,Visits and length of stay,-0.31,Parks*
Trafford,Google community mobility trends,2020-04-15,Percentage change from baseline,Visits and length of stay,-0.77,Retail & recreation
Trafford,Google community mobility trends,2020-04-15,Percentage change from baseline,Visits and length of stay,-0.27,Supermarket & pharmacy
Trafford,Google community mobility trends,2020-04-15,Percentage change from baseline,Visits and length of stay,-0.38,Parks*
Trafford,Google community mobility trends,2020-04-16,Percentage change from baseline,Visits and length of stay,-0.75,Retail & recreation
Trafford,Google community mobility trends,2020-04-16,Percentage change from baseline,Visits and length of stay,-0.28,Supermarket & pharmacy
Trafford,Google community mobility trends,2020-04-16,Percentage change from baseline,Visits and length of stay,-0.36,Parks*
Trafford,Google community mobility trends,2020-04-17,Percentage change from baseline,Visits and length of stay,-0.78,Retail & recreation
Trafford,Google community mobility trends,2020-04-17,Percentage change from baseline,Visits and length of stay,-0.32,Supermarket & pharmacy
Trafford,Google community mobility trends,2020-04-17,Percentage change from baseline,Visits and length of stay,-0.42,Parks*
Trafford,Google community mobility trends,2020-04-18,Percentage change from baseline,Visits and length of stay,-0.85,Retail & recreation
Trafford,Google community mobility trends,2020-04-18,Percentage change from baseline,Visits and length of stay,-0.39,Supermarket & pharmacy
Trafford,Google community mobility trends,2020-04-18,Percentage change from baseline,Visits and length of stay,-0.73,Parks*
Trafford,Google community mobility trends,2020-04-19,Percentage change from baseline,Visits and length of stay,-0.84,Retail & recreation
Trafford,Google community mobility trends,2020-04-19,Percentage change from baseline,Visits and length of stay,-0.41,Supermarket & pharmacy
Trafford,Google community mobility trends,2020-04-19,Percentage change from baseline,Visits and length of stay,-0.4,Parks*
Trafford,Google community mobility trends,2020-04-20,Percentage change from baseline,Visits and length of stay,-0.73,Retail & recreation
Trafford,Google community mobility trends,2020-04-20,Percentage change from baseline,Visits and length of stay,-0.32,Supermarket & pharmacy
Trafford,Google community mobility trends,2020-04-20,Percentage change from baseline,Visits and length of stay,-0.33,Parks*
Trafford,Google community mobility trends,2020-04-21,Percentage change from baseline,Visits and length of stay,-0.73,Retail & recreation
Trafford,Google community mobility trends,2020-04-21,Percentage change from baseline,Visits and length of stay,-0.28,Supermarket & pharmacy
Trafford,Google community mobility trends,2020-04-21,Percentage change from baseline,Visits and length of stay,-0.26,Parks*
Trafford,Google community mobility trends,2020-04-22,Percentage change from baseline,Visits and length of stay,-0.75,Retail & recreation
Trafford,Google community mobility trends,2020-04-22,Percentage change from baseline,Visits and length of stay,-0.28,Supermarket & pharmacy
Trafford,Google community mobility trends,2020-04-22,Percentage change from baseline,Visits and length of stay,-0.36,Parks*
Trafford,Google community mobility trends,2020-04-23,Percentage change from baseline,Visits and length of stay,-0.73,Retail & recreation
Trafford,Google community mobility trends,2020-04-23,Percentage change from baseline,Visits and length of stay,-0.29,Supermarket & pharmacy
Trafford,Google community mobility trends,2020-04-23,Percentage change from baseline,Visits and length of stay,-0.35,Parks*
Trafford,Google community mobility trends,2020-04-24,Percentage change from baseline,Visits and length of stay,-0.75,Retail & recreation
Trafford,Google community mobility trends,2020-04-24,Percentage change from baseline,Visits and length of stay,-0.28,Supermarket & pharmacy
Trafford,Google community mobility trends,2020-04-24,Percentage change from baseline,Visits and length of stay,-0.3,Parks*
Trafford,Google community mobility trends,2020-04-25,Percentage change from baseline,Visits and length of stay,-0.81,Retail & recreation
Trafford,Google community mobility trends,2020-04-25,Percentage change from baseline,Visits and length of stay,-0.32,Supermarket & pharmacy
Trafford,Google community mobility trends,2020-04-25,Percentage change from baseline,Visits and length of stay,-0.53,Parks*
Trafford,Google community mobility trends,2020-04-26,Percentage change from baseline,Visits and length of stay,-0.83,Retail & recreation
Trafford,Google community mobility trends,2020-04-26,Percentage change from baseline,Visits and length of stay,-0.41,Supermarket & pharmacy
Trafford,Google community mobility trends,2020-04-26,Percentage change from baseline,Visits and length of stay,-0.45,Parks*
Trafford,Google community mobility trends,2020-04-27,Percentage change from baseline,Visits and length of stay,-0.71,Retail & recreation
Trafford,Google community mobility trends,2020-04-27,Percentage change from baseline,Visits and length of stay,-0.31,Supermarket & pharmacy
Trafford,Google community mobility trends,2020-04-27,Percentage change from baseline,Visits and length of stay,-0.23,Parks*
Trafford,Google community mobility trends,2020-04-28,Percentage change from baseline,Visits and length of stay,-0.73,Retail & recreation
Trafford,Google community mobility trends,2020-04-28,Percentage change from baseline,Visits and length of stay,-0.32,Supermarket & pharmacy
Trafford,Google community mobility trends,2020-04-28,Percentage change from baseline,Visits and length of stay,-0.56,Parks*
Trafford,Google community mobility trends,2020-04-29,Percentage change from baseline,Visits and length of stay,-0.76,Retail & recreation
Trafford,Google community mobility trends,2020-04-29,Percentage change from baseline,Visits and length of stay,-0.31,Supermarket & pharmacy
Trafford,Google community mobility trends,2020-04-29,Percentage change from baseline,Visits and length of stay,-0.56,Parks*
Trafford,Google community mobility trends,2020-04-30,Percentage change from baseline,Visits and length of stay,-0.75,Retail & recreation
Trafford,Google community mobility trends,2020-04-30,Percentage change from baseline,Visits and length of stay,-0.3,Supermarket & pharmacy
Trafford,Google community mobility trends,2020-04-30,Percentage change from baseline,Visits and length of stay,-0.55,Parks*
Trafford,Google community mobility trends,2020-05-01,Percentage change from baseline,Visits and length of stay,-0.77,Retail & recreation
Trafford,Google community mobility trends,2020-05-01,Percentage change from baseline,Visits and length of stay,-0.28,Supermarket & pharmacy
Trafford,Google community mobility trends,2020-05-01,Percentage change from baseline,Visits and length of stay,-0.41,Parks*
Trafford,Google community mobility trends,2020-05-02,Percentage change from baseline,Visits and length of stay,-0.82,Retail & recreation
Trafford,Google community mobility trends,2020-05-02,Percentage change from baseline,Visits and length of stay,-0.32,Supermarket & pharmacy
Trafford,Google community mobility trends,2020-05-02,Percentage change from baseline,Visits and length of stay,-0.56,Parks*
Trafford,Google community mobility trends,2020-05-03,Percentage change from baseline,Visits and length of stay,-0.83,Retail & recreation
Trafford,Google community mobility trends,2020-05-03,Percentage change from baseline,Visits and length of stay,-0.4,Supermarket & pharmacy
Trafford,Google community mobility trends,2020-05-03,Percentage change from baseline,Visits and length of stay,-0.41,Parks*
Trafford,Google community mobility trends,2020-05-04,Percentage change from baseline,Visits and length of stay,-0.71,Retail & recreation
Trafford,Google community mobility trends,2020-05-04,Percentage change from baseline,Visits and length of stay,-0.3,Supermarket & pharmacy
Trafford,Google community mobility trends,2020-05-04,Percentage change from baseline,Visits and length of stay,-0.23,Parks*
Trafford,Google community mobility trends,2020-05-05,Percentage change from baseline,Visits and length of stay,-0.71,Retail & recreation
Trafford,Google community mobility trends,2020-05-05,Percentage change from baseline,Visits and length of stay,-0.26,Supermarket & pharmacy
Trafford,Google community mobility trends,2020-05-05,Percentage change from baseline,Visits and length of stay,-0.19,Parks*
Trafford,Google community mobility trends,2020-05-06,Percentage change from baseline,Visits and length of stay,-0.72,Retail & recreation
Trafford,Google community mobility trends,2020-05-06,Percentage change from baseline,Visits and length of stay,-0.21,Supermarket & pharmacy
Trafford,Google community mobility trends,2020-05-06,Percentage change from baseline,Visits and length of stay,-0.28,Parks*
Trafford,Google community mobility trends,2020-05-07,Percentage change from baseline,Visits and length of stay,-0.68,Retail & recreation
Trafford,Google community mobility trends,2020-05-07,Percentage change from baseline,Visits and length of stay,-0.18,Supermarket & pharmacy
Trafford,Google community mobility trends,2020-05-07,Percentage change from baseline,Visits and length of stay,-0.25,Parks*
Trafford,Google community mobility trends,2020-05-08,Percentage change from baseline,Visits and length of stay,-0.78,Retail & recreation
Trafford,Google community mobility trends,2020-05-08,Percentage change from baseline,Visits and length of stay,-0.31,Supermarket & pharmacy
Trafford,Google community mobility trends,2020-05-08,Percentage change from baseline,Visits and length of stay,-0.23,Parks*
Trafford,Google community mobility trends,2020-05-09,Percentage change from baseline,Visits and length of stay,-0.82,Retail & recreation
Trafford,Google community mobility trends,2020-05-09,Percentage change from baseline,Visits and length of stay,-0.3,Supermarket & pharmacy
Trafford,Google community mobility trends,2020-05-09,Percentage change from baseline,Visits and length of stay,-0.46,Parks*
Trafford,Google community mobility trends,2020-05-10,Percentage change from baseline,Visits and length of stay,-0.84,Retail & recreation
Trafford,Google community mobility trends,2020-05-10,Percentage change from baseline,Visits and length of stay,-0.39,Supermarket & pharmacy
Trafford,Google community mobility trends,2020-05-10,Percentage change from baseline,Visits and length of stay,-0.62,Parks*
Trafford,Google community mobility trends,2020-05-11,Percentage change from baseline,Visits and length of stay,-0.68,Retail & recreation
Trafford,Google community mobility trends,2020-05-11,Percentage change from baseline,Visits and length of stay,-0.28,Supermarket & pharmacy
Trafford,Google community mobility trends,2020-05-11,Percentage change from baseline,Visits and length of stay,-0.29,Parks*
Trafford,Google community mobility trends,2020-05-12,Percentage change from baseline,Visits and length of stay,-0.7,Retail & recreation
Trafford,Google community mobility trends,2020-05-12,Percentage change from baseline,Visits and length of stay,-0.25,Supermarket & pharmacy
Trafford,Google community mobility trends,2020-05-12,Percentage change from baseline,Visits and length of stay,-0.4,Parks*
Trafford,Google community mobility trends,2020-05-13,Percentage change from baseline,Visits and length of stay,-0.71,Retail & recreation
Trafford,Google community mobility trends,2020-05-13,Percentage change from baseline,Visits and length of stay,-0.24,Supermarket & pharmacy
Trafford,Google community mobility trends,2020-05-13,Percentage change from baseline,Visits and length of stay,-0.29,Parks*
Trafford,Google community mobility trends,2020-05-14,Percentage change from baseline,Visits and length of stay,-0.67,Retail & recreation
Trafford,Google community mobility trends,2020-05-14,Percentage change from baseline,Visits and length of stay,-0.22,Supermarket & pharmacy
Trafford,Google community mobility trends,2020-05-14,Percentage change from baseline,Visits and length of stay,-0.08,Parks*
Trafford,Google community mobility trends,2020-05-15,Percentage change from baseline,Visits and length of stay,-0.72,Retail & recreation
Trafford,Google community mobility trends,2020-05-15,Percentage change from baseline,Visits and length of stay,-0.25,Supermarket & pharmacy
Trafford,Google community mobility trends,2020-05-15,Percentage change from baseline,Visits and length of stay,-0.27,Parks*
Trafford,Google community mobility trends,2020-05-16,Percentage change from baseline,Visits and length of stay,-0.78,Retail & recreation
Trafford,Google community mobility trends,2020-05-16,Percentage change from baseline,Visits and length of stay,-0.26,Supermarket & pharmacy
Trafford,Google community mobility trends,2020-05-16,Percentage change from baseline,Visits and length of stay,-0.42,Parks*
Trafford,Google community mobility trends,2020-05-17,Percentage change from baseline,Visits and length of stay,-0.79,Retail & recreation
Trafford,Google community mobility trends,2020-05-17,Percentage change from baseline,Visits and length of stay,-0.31,Supermarket & pharmacy
Trafford,Google community mobility trends,2020-05-17,Percentage change from baseline,Visits and length of stay,-0.24,Parks*
Trafford,Google community mobility trends,2020-05-18,Percentage change from baseline,Visits and length of stay,-0.65,Retail & recreation
Trafford,Google community mobility trends,2020-05-18,Percentage change from baseline,Visits and length of stay,-0.23,Supermarket & pharmacy
Trafford,Google community mobility trends,2020-05-18,Percentage change from baseline,Visits and length of stay,-0.19,Parks*
Trafford,Google community mobility trends,2020-05-19,Percentage change from baseline,Visits and length of stay,-0.65,Retail & recreation
Trafford,Google community mobility trends,2020-05-19,Percentage change from baseline,Visits and length of stay,-0.18,Supermarket & pharmacy
Trafford,Google community mobility trends,2020-05-19,Percentage change from baseline,Visits and length of stay,0.06,Parks*
Trafford,Google community mobility trends,2020-05-20,Percentage change from baseline,Visits and length of stay,-0.68,Retail & recreation
Trafford,Google community mobility trends,2020-05-20,Percentage change from baseline,Visits and length of stay,-0.18,Supermarket & pharmacy
Trafford,Google community mobility trends,2020-05-20,Percentage change from baseline,Visits and length of stay,0.01,Parks*
Trafford,Google community mobility trends,2020-05-21,Percentage change from baseline,Visits and length of stay,-0.65,Retail & recreation
Trafford,Google community mobility trends,2020-05-21,Percentage change from baseline,Visits and length of stay,-0.16,Supermarket & pharmacy
Trafford,Google community mobility trends,2020-05-21,Percentage change from baseline,Visits and length of stay,-0.07,Parks*
Trafford,Google community mobility trends,2020-05-22,Percentage change from baseline,Visits and length of stay,-0.68,Retail & recreation
Trafford,Google community mobility trends,2020-05-22,Percentage change from baseline,Visits and length of stay,-0.19,Supermarket & pharmacy
Trafford,Google community mobility trends,2020-05-22,Percentage change from baseline,Visits and length of stay,-0.23,Parks*
Trafford,Google community mobility trends,2020-05-23,Percentage change from baseline,Visits and length of stay,-0.76,Retail & recreation
Trafford,Google community mobility trends,2020-05-23,Percentage change from baseline,Visits and length of stay,-0.21,Supermarket & pharmacy
Trafford,Google community mobility trends,2020-05-23,Percentage change from baseline,Visits and length of stay,-0.54,Parks*
Trafford,Google community mobility trends,2020-05-24,Percentage change from baseline,Visits and length of stay,-0.76,Retail & recreation
Trafford,Google community mobility trends,2020-05-24,Percentage change from baseline,Visits and length of stay,-0.27,Supermarket & pharmacy
Trafford,Google community mobility trends,2020-05-24,Percentage change from baseline,Visits and length of stay,-0.24,Parks*
Trafford,Google community mobility trends,2020-05-25,Percentage change from baseline,Visits and length of stay,-0.68,Retail & recreation
Trafford,Google community mobility trends,2020-05-25,Percentage change from baseline,Visits and length of stay,-0.26,Supermarket & pharmacy
Trafford,Google community mobility trends,2020-05-25,Percentage change from baseline,Visits and length of stay,0.58,Parks*
Trafford,Google community mobility trends,2020-05-26,Percentage change from baseline,Visits and length of stay,-0.62,Retail & recreation
Trafford,Google community mobility trends,2020-05-26,Percentage change from baseline,Visits and length of stay,-0.17,Supermarket & pharmacy
Trafford,Google community mobility trends,2020-05-26,Percentage change from baseline,Visits and length of stay,0.09,Parks*
Trafford,Google community mobility trends,2020-05-27,Percentage change from baseline,Visits and length of stay,-0.65,Retail & recreation
Trafford,Google community mobility trends,2020-05-27,Percentage change from baseline,Visits and length of stay,-0.14,Supermarket & pharmacy
Trafford,Google community mobility trends,2020-05-27,Percentage change from baseline,Visits and length of stay,0.02,Parks*
Trafford,Google community mobility trends,2020-05-28,Percentage change from baseline,Visits and length of stay,-0.62,Retail & recreation
Trafford,Google community mobility trends,2020-05-28,Percentage change from baseline,Visits and length of stay,-0.12,Supermarket & pharmacy
Trafford,Google community mobility trends,2020-05-28,Percentage change from baseline,Visits and length of stay,0.16,Parks*
Trafford,Google community mobility trends,2020-05-29,Percentage change from baseline,Visits and length of stay,-0.66,Retail & recreation
Trafford,Google community mobility trends,2020-05-29,Percentage change from baseline,Visits and length of stay,-0.12,Supermarket & pharmacy
Trafford,Google community mobility trends,2020-05-29,Percentage change from baseline,Visits and length of stay,0.12,Parks*
Trafford,Google community mobility trends,2020-05-30,Percentage change from baseline,Visits and length of stay,-0.75,Retail & recreation
Trafford,Google community mobility trends,2020-05-30,Percentage change from baseline,Visits and length of stay,-0.16,Supermarket & pharmacy
Trafford,Google community mobility trends,2020-05-30,Percentage change from baseline,Visits and length of stay,-0.21,Parks*
Trafford,Google community mobility trends,2020-05-31,Percentage change from baseline,Visits and length of stay,-0.75,Retail & recreation
Trafford,Google community mobility trends,2020-05-31,Percentage change from baseline,Visits and length of stay,-0.21,Supermarket & pharmacy
Trafford,Google community mobility trends,2020-05-31,Percentage change from baseline,Visits and length of stay,-0.08,Parks*
Trafford,Google community mobility trends,2020-06-01,Percentage change from baseline,Visits and length of stay,-0.58,Retail & recreation
Trafford,Google community mobility trends,2020-06-01,Percentage change from baseline,Visits and length of stay,-0.14,Supermarket & pharmacy
Trafford,Google community mobility trends,2020-06-01,Percentage change from baseline,Visits and length of stay,0.2,Parks*
Trafford,Google community mobility trends,2020-06-02,Percentage change from baseline,Visits and length of stay,-0.61,Retail & recreation
Trafford,Google community mobility trends,2020-06-02,Percentage change from baseline,Visits and length of stay,-0.15,Supermarket & pharmacy
Trafford,Google community mobility trends,2020-06-02,Percentage change from baseline,Visits and length of stay,0.33,Parks*
Trafford,Google community mobility trends,2020-06-03,Percentage change from baseline,Visits and length of stay,-0.66,Retail & recreation
Trafford,Google community mobility trends,2020-06-03,Percentage change from baseline,Visits and length of stay,-0.2,Supermarket & pharmacy
Trafford,Google community mobility trends,2020-06-03,Percentage change from baseline,Visits and length of stay,-0.43,Parks*
Trafford,Google community mobility trends,2020-06-04,Percentage change from baseline,Visits and length of stay,-0.62,Retail & recreation
Trafford,Google community mobility trends,2020-06-04,Percentage change from baseline,Visits and length of stay,-0.17,Supermarket & pharmacy
Trafford,Google community mobility trends,2020-06-04,Percentage change from baseline,Visits and length of stay,-0.25,Parks*
Trafford,Google community mobility trends,2020-06-05,Percentage change from baseline,Visits and length of stay,-0.67,Retail & recreation
Trafford,Google community mobility trends,2020-06-05,Percentage change from baseline,Visits and length of stay,-0.18,Supermarket & pharmacy
Trafford,Google community mobility trends,2020-06-05,Percentage change from baseline,Visits and length of stay,-0.26,Parks*
Trafford,Google community mobility trends,2020-06-06,Percentage change from baseline,Visits and length of stay,-0.75,Retail & recreation
Trafford,Google community mobility trends,2020-06-06,Percentage change from baseline,Visits and length of stay,-0.24,Supermarket & pharmacy
Trafford,Google community mobility trends,2020-06-06,Percentage change from baseline,Visits and length of stay,-0.54,Parks*
Trafford,Google community mobility trends,2020-06-07,Percentage change from baseline,Visits and length of stay,-0.74,Retail & recreation
Trafford,Google community mobility trends,2020-06-07,Percentage change from baseline,Visits and length of stay,-0.28,Supermarket & pharmacy
Trafford,Google community mobility trends,2020-06-07,Percentage change from baseline,Visits and length of stay,-0.28,Parks*
Trafford,Google community mobility trends,2020-06-08,Percentage change from baseline,Visits and length of stay,-0.59,Retail & recreation
Trafford,Google community mobility trends,2020-06-08,Percentage change from baseline,Visits and length of stay,-0.18,Supermarket & pharmacy
Trafford,Google community mobility trends,2020-06-08,Percentage change from baseline,Visits and length of stay,0.04,Parks*
Trafford,Google community mobility trends,2020-06-09,Percentage change from baseline,Visits and length of stay,-0.6,Retail & recreation
Trafford,Google community mobility trends,2020-06-09,Percentage change from baseline,Visits and length of stay,-0.17,Supermarket & pharmacy
Trafford,Google community mobility trends,2020-06-09,Percentage change from baseline,Visits and length of stay,0.03,Parks*
Trafford,Google community mobility trends,2020-06-10,Percentage change from baseline,Visits and length of stay,-0.63,Retail & recreation
Trafford,Google community mobility trends,2020-06-10,Percentage change from baseline,Visits and length of stay,-0.18,Supermarket & pharmacy
Trafford,Google community mobility trends,2020-06-10,Percentage change from baseline,Visits and length of stay,-0.33,Parks*
Trafford,Google community mobility trends,2020-06-11,Percentage change from baseline,Visits and length of stay,-0.61,Retail & recreation
Trafford,Google community mobility trends,2020-06-11,Percentage change from baseline,Visits and length of stay,-0.17,Supermarket & pharmacy
Trafford,Google community mobility trends,2020-06-11,Percentage change from baseline,Visits and length of stay,-0.31,Parks*
Trafford,Google community mobility trends,2020-06-12,Percentage change from baseline,Visits and length of stay,-0.65,Retail & recreation
Trafford,Google community mobility trends,2020-06-12,Percentage change from baseline,Visits and length of stay,-0.15,Supermarket & pharmacy
Trafford,Google community mobility trends,2020-06-12,Percentage change from baseline,Visits and length of stay,-0.15,Parks*
Trafford,Google community mobility trends,2020-06-13,Percentage change from baseline,Visits and length of stay,-0.73,Retail & recreation
Trafford,Google community mobility trends,2020-06-13,Percentage change from baseline,Visits and length of stay,-0.17,Supermarket & pharmacy
Trafford,Google community mobility trends,2020-06-13,Percentage change from baseline,Visits and length of stay,-0.16,Parks*
Trafford,Google community mobility trends,2020-06-14,Percentage change from baseline,Visits and length of stay,-0.73,Retail & recreation
Trafford,Google community mobility trends,2020-06-14,Percentage change from baseline,Visits and length of stay,-0.23,Supermarket & pharmacy
Trafford,Google community mobility trends,2020-06-14,Percentage change from baseline,Visits and length of stay,-0.06,Parks*
Trafford,Google community mobility trends,2020-06-15,Percentage change from baseline,Visits and length of stay,-0.48,Retail & recreation
Trafford,Google community mobility trends,2020-06-15,Percentage change from baseline,Visits and length of stay,-0.17,Supermarket & pharmacy
Trafford,Google community mobility trends,2020-06-15,Percentage change from baseline,Visits and length of stay,-0.01,Parks*
Trafford,Google community mobility trends,2020-06-16,Percentage change from baseline,Visits and length of stay,-0.51,Retail & recreation
Trafford,Google community mobility trends,2020-06-16,Percentage change from baseline,Visits and length of stay,-0.15,Supermarket & pharmacy
Trafford,Google community mobility trends,2020-06-16,Percentage change from baseline,Visits and length of stay,-0.32,Parks*
Trafford,Google community mobility trends,2020-06-17,Percentage change from baseline,Visits and length of stay,-0.52,Retail & recreation
Trafford,Google community mobility trends,2020-06-17,Percentage change from baseline,Visits and length of stay,-0.13,Supermarket & pharmacy
Trafford,Google community mobility trends,2020-06-17,Percentage change from baseline,Visits and length of stay,-0.28,Parks*
Trafford,Google community mobility trends,2020-06-18,Percentage change from baseline,Visits and length of stay,-0.51,Retail & recreation
Trafford,Google community mobility trends,2020-06-18,Percentage change from baseline,Visits and length of stay,-0.16,Supermarket & pharmacy
Trafford,Google community mobility trends,2020-06-18,Percentage change from baseline,Visits and length of stay,-0.57,Parks*
Trafford,Google community mobility trends,2020-06-19,Percentage change from baseline,Visits and length of stay,-0.54,Retail & recreation
Trafford,Google community mobility trends,2020-06-19,Percentage change from baseline,Visits and length of stay,-0.11,Supermarket & pharmacy
Trafford,Google community mobility trends,2020-06-19,Percentage change from baseline,Visits and length of stay,-0.35,Parks*
Trafford,Google community mobility trends,2020-06-20,Percentage change from baseline,Visits and length of stay,-0.61,Retail & recreation
Trafford,Google community mobility trends,2020-06-20,Percentage change from baseline,Visits and length of stay,-0.08,Supermarket & pharmacy
Trafford,Google community mobility trends,2020-06-20,Percentage change from baseline,Visits and length of stay,-0.17,Parks*
Trafford,Google community mobility trends,2020-06-21,Percentage change from baseline,Visits and length of stay,-0.61,Retail & recreation
Trafford,Google community mobility trends,2020-06-21,Percentage change from baseline,Visits and length of stay,-0.16,Supermarket & pharmacy
Trafford,Google community mobility trends,2020-06-21,Percentage change from baseline,Visits and length of stay,-0.13,Parks*
Trafford,Google community mobility trends,2020-06-22,Percentage change from baseline,Visits and length of stay,-0.44,Retail & recreation
Trafford,Google community mobility trends,2020-06-22,Percentage change from baseline,Visits and length of stay,-0.15,Supermarket & pharmacy
Trafford,Google community mobility trends,2020-06-22,Percentage change from baseline,Visits and length of stay,0.11,Parks*
Trafford,Google community mobility trends,2020-06-23,Percentage change from baseline,Visits and length of stay,-0.45,Retail & recreation
Trafford,Google community mobility trends,2020-06-23,Percentage change from baseline,Visits and length of stay,-0.09,Supermarket & pharmacy
Trafford,Google community mobility trends,2020-06-23,Percentage change from baseline,Visits and length of stay,0.42,Parks*
Trafford,Google community mobility trends,2020-06-24,Percentage change from baseline,Visits and length of stay,-0.52,Retail & recreation
Trafford,Google community mobility trends,2020-06-24,Percentage change from baseline,Visits and length of stay,-0.05,Supermarket & pharmacy
Trafford,Google community mobility trends,2020-06-24,Percentage change from baseline,Visits and length of stay,0.1,Parks*
Trafford,Google community mobility trends,2020-06-25,Percentage change from baseline,Visits and length of stay,-0.49,Retail & recreation
Trafford,Google community mobility trends,2020-06-25,Percentage change from baseline,Visits and length of stay,-0.05,Supermarket & pharmacy
Trafford,Google community mobility trends,2020-06-25,Percentage change from baseline,Visits and length of stay,0.18,Parks*
Trafford,Google community mobility trends,2020-06-26,Percentage change from baseline,Visits and length of stay,-0.51,Retail & recreation
Trafford,Google community mobility trends,2020-06-26,Percentage change from baseline,Visits and length of stay,-0.08,Supermarket & pharmacy
Trafford,Google community mobility trends,2020-06-26,Percentage change from baseline,Visits and length of stay,0.01,Parks*
Trafford,Google community mobility trends,2020-06-27,Percentage change from baseline,Visits and length of stay,-0.61,Retail & recreation
Trafford,Google community mobility trends,2020-06-27,Percentage change from baseline,Visits and length of stay,-0.17,Supermarket & pharmacy
Trafford,Google community mobility trends,2020-06-27,Percentage change from baseline,Visits and length of stay,-0.52,Parks*
Trafford,Google community mobility trends,2020-06-28,Percentage change from baseline,Visits and length of stay,-0.58,Retail & recreation
Trafford,Google community mobility trends,2020-06-28,Percentage change from baseline,Visits and length of stay,-0.19,Supermarket & pharmacy
Trafford,Google community mobility trends,2020-06-28,Percentage change from baseline,Visits and length of stay,-0.38,Parks*
Trafford,Google community mobility trends,2020-06-29,Percentage change from baseline,Visits and length of stay,-0.41,Retail & recreation
Trafford,Google community mobility trends,2020-06-29,Percentage change from baseline,Visits and length of stay,-0.15,Supermarket & pharmacy
Trafford,Google community mobility trends,2020-06-29,Percentage change from baseline,Visits and length of stay,-0.38,Parks*
Trafford,Google community mobility trends,2020-06-30,Percentage change from baseline,Visits and length of stay,-0.39,Retail & recreation
Trafford,Google community mobility trends,2020-06-30,Percentage change from baseline,Visits and length of stay,-0.1,Supermarket & pharmacy
Trafford,Google community mobility trends,2020-06-30,Percentage change from baseline,Visits and length of stay,0.2,Parks*
Trafford,Google community mobility trends,2020-07-01,Percentage change from baseline,Visits and length of stay,-0.44,Retail & recreation
Trafford,Google community mobility trends,2020-07-01,Percentage change from baseline,Visits and length of stay,-0.12,Supermarket & pharmacy
Trafford,Google community mobility trends,2020-07-01,Percentage change from baseline,Visits and length of stay,-0.04,Parks*
Trafford,Google community mobility trends,2020-07-02,Percentage change from baseline,Visits and length of stay,-0.41,Retail & recreation
Trafford,Google community mobility trends,2020-07-02,Percentage change from baseline,Visits and length of stay,-0.12,Supermarket & pharmacy
Trafford,Google community mobility trends,2020-07-02,Percentage change from baseline,Visits and length of stay,0,Parks*
Trafford,Google community mobility trends,2020-07-03,Percentage change from baseline,Visits and length of stay,-0.48,Retail & recreation
Trafford,Google community mobility trends,2020-07-03,Percentage change from baseline,Visits and length of stay,-0.12,Supermarket & pharmacy
Trafford,Google community mobility trends,2020-07-03,Percentage change from baseline,Visits and length of stay,-0.24,Parks*
Trafford,Google community mobility trends,2020-07-04,Percentage change from baseline,Visits and length of stay,-0.52,Retail & recreation
Trafford,Google community mobility trends,2020-07-04,Percentage change from baseline,Visits and length of stay,-0.14,Supermarket & pharmacy
Trafford,Google community mobility trends,2020-07-04,Percentage change from baseline,Visits and length of stay,-0.36,Parks*
Trafford,Google community mobility trends,2020-07-05,Percentage change from baseline,Visits and length of stay,-0.51,Retail & recreation
Trafford,Google community mobility trends,2020-07-05,Percentage change from baseline,Visits and length of stay,-0.23,Supermarket & pharmacy
Trafford,Google community mobility trends,2020-07-05,Percentage change from baseline,Visits and length of stay,-0.1,Parks*
Trafford,Google community mobility trends,2020-07-06,Percentage change from baseline,Visits and length of stay,-0.33,Retail & recreation
Trafford,Google community mobility trends,2020-07-06,Percentage change from baseline,Visits and length of stay,-0.15,Supermarket & pharmacy
Trafford,Google community mobility trends,2020-07-06,Percentage change from baseline,Visits and length of stay,0.33,Parks*
Trafford,Google community mobility trends,2020-07-07,Percentage change from baseline,Visits and length of stay,-0.34,Retail & recreation
Trafford,Google community mobility trends,2020-07-07,Percentage change from baseline,Visits and length of stay,-0.16,Supermarket & pharmacy
Trafford,Google community mobility trends,2020-07-07,Percentage change from baseline,Visits and length of stay,-0.19,Parks*
Trafford,Google community mobility trends,2020-07-08,Percentage change from baseline,Visits and length of stay,-0.38,Retail & recreation
Trafford,Google community mobility trends,2020-07-08,Percentage change from baseline,Visits and length of stay,-0.13,Supermarket & pharmacy
Trafford,Google community mobility trends,2020-07-08,Percentage change from baseline,Visits and length of stay,-0.08,Parks*
Trafford,Google community mobility trends,2020-07-09,Percentage change from baseline,Visits and length of stay,-0.35,Retail & recreation
Trafford,Google community mobility trends,2020-07-09,Percentage change from baseline,Visits and length of stay,-0.12,Supermarket & pharmacy
Trafford,Google community mobility trends,2020-07-09,Percentage change from baseline,Visits and length of stay,-0.04,Parks*
Trafford,Google community mobility trends,2020-07-10,Percentage change from baseline,Visits and length of stay,-0.41,Retail & recreation
Trafford,Google community mobility trends,2020-07-10,Percentage change from baseline,Visits and length of stay,-0.12,Supermarket & pharmacy
Trafford,Google community mobility trends,2020-07-10,Percentage change from baseline,Visits and length of stay,0.15,Parks*
Trafford,Google community mobility trends,2020-07-11,Percentage change from baseline,Visits and length of stay,-0.49,Retail & recreation
Trafford,Google community mobility trends,2020-07-11,Percentage change from baseline,Visits and length of stay,-0.16,Supermarket & pharmacy
Trafford,Google community mobility trends,2020-07-11,Percentage change from baseline,Visits and length of stay,-0.1,Parks*
Trafford,Google community mobility trends,2020-07-12,Percentage change from baseline,Visits and length of stay,-0.5,Retail & recreation
Trafford,Google community mobility trends,2020-07-12,Percentage change from baseline,Visits and length of stay,-0.22,Supermarket & pharmacy
Trafford,Google community mobility trends,2020-07-12,Percentage change from baseline,Visits and length of stay,0.17,Parks*
Trafford,Google community mobility trends,2020-07-13,Percentage change from baseline,Visits and length of stay,-0.3,Retail & recreation
Trafford,Google community mobility trends,2020-07-13,Percentage change from baseline,Visits and length of stay,-0.15,Supermarket & pharmacy
Trafford,Google community mobility trends,2020-07-13,Percentage change from baseline,Visits and length of stay,0.04,Parks*
Trafford,Google community mobility trends,2020-07-14,Percentage change from baseline,Visits and length of stay,-0.31,Retail & recreation
Trafford,Google community mobility trends,2020-07-14,Percentage change from baseline,Visits and length of stay,-0.13,Supermarket & pharmacy
Trafford,Google community mobility trends,2020-07-14,Percentage change from baseline,Visits and length of stay,0.19,Parks*
Trafford,Google community mobility trends,2020-07-15,Percentage change from baseline,Visits and length of stay,-0.33,Retail & recreation
Trafford,Google community mobility trends,2020-07-15,Percentage change from baseline,Visits and length of stay,-0.16,Supermarket & pharmacy
Trafford,Google community mobility trends,2020-07-15,Percentage change from baseline,Visits and length of stay,-0.24,Parks*
Trafford,Google community mobility trends,2020-07-16,Percentage change from baseline,Visits and length of stay,-0.27,Retail & recreation
Trafford,Google community mobility trends,2020-07-16,Percentage change from baseline,Visits and length of stay,-0.12,Supermarket & pharmacy
Trafford,Google community mobility trends,2020-07-16,Percentage change from baseline,Visits and length of stay,0.08,Parks*
Trafford,Google community mobility trends,2020-07-17,Percentage change from baseline,Visits and length of stay,-0.35,Retail & recreation
Trafford,Google community mobility trends,2020-07-17,Percentage change from baseline,Visits and length of stay,-0.16,Supermarket & pharmacy
Trafford,Google community mobility trends,2020-07-17,Percentage change from baseline,Visits and length of stay,0.23,Parks*
Trafford,Google community mobility trends,2020-07-18,Percentage change from baseline,Visits and length of stay,-0.43,Retail & recreation
Trafford,Google community mobility trends,2020-07-18,Percentage change from baseline,Visits and length of stay,-0.17,Supermarket & pharmacy
Trafford,Google community mobility trends,2020-07-18,Percentage change from baseline,Visits and length of stay,-0.44,Parks*
Trafford,Google community mobility trends,2020-07-19,Percentage change from baseline,Visits and length of stay,-0.42,Retail & recreation
Trafford,Google community mobility trends,2020-07-19,Percentage change from baseline,Visits and length of stay,-0.22,Supermarket & pharmacy
Trafford,Google community mobility trends,2020-07-19,Percentage change from baseline,Visits and length of stay,0.17,Parks*
Trafford,Google community mobility trends,2020-07-20,Percentage change from baseline,Visits and length of stay,-0.23,Retail & recreation
Trafford,Google community mobility trends,2020-07-20,Percentage change from baseline,Visits and length of stay,-0.15,Supermarket & pharmacy
Trafford,Google community mobility trends,2020-07-20,Percentage change from baseline,Visits and length of stay,0.32,Parks*
Trafford,Google community mobility trends,2020-07-21,Percentage change from baseline,Visits and length of stay,-0.24,Retail & recreation
Trafford,Google community mobility trends,2020-07-21,Percentage change from baseline,Visits and length of stay,-0.15,Supermarket & pharmacy
Trafford,Google community mobility trends,2020-07-21,Percentage change from baseline,Visits and length of stay,0.4,Parks*
Trafford,Google community mobility trends,2020-07-22,Percentage change from baseline,Visits and length of stay,-0.28,Retail & recreation
Trafford,Google community mobility trends,2020-07-22,Percentage change from baseline,Visits and length of stay,-0.13,Supermarket & pharmacy
Trafford,Google community mobility trends,2020-07-22,Percentage change from baseline,Visits and length of stay,0.04,Parks*
Trafford,Google community mobility trends,2020-07-23,Percentage change from baseline,Visits and length of stay,-0.22,Retail & recreation
Trafford,Google community mobility trends,2020-07-23,Percentage change from baseline,Visits and length of stay,-0.12,Supermarket & pharmacy
Trafford,Google community mobility trends,2020-07-23,Percentage change from baseline,Visits and length of stay,-0.03,Parks*
Trafford,Google community mobility trends,2020-07-24,Percentage change from baseline,Visits and length of stay,-0.34,Retail & recreation
Trafford,Google community mobility trends,2020-07-24,Percentage change from baseline,Visits and length of stay,-0.17,Supermarket & pharmacy
Trafford,Google community mobility trends,2020-07-24,Percentage change from baseline,Visits and length of stay,0.28,Parks*
Trafford,Google community mobility trends,2020-07-25,Percentage change from baseline,Visits and length of stay,-0.4,Retail & recreation
Trafford,Google community mobility trends,2020-07-25,Percentage change from baseline,Visits and length of stay,-0.19,Supermarket & pharmacy
Trafford,Google community mobility trends,2020-07-25,Percentage change from baseline,Visits and length of stay,-0.11,Parks*
Trafford,Google community mobility trends,2020-07-26,Percentage change from baseline,Visits and length of stay,-0.4,Retail & recreation
Trafford,Google community mobility trends,2020-07-26,Percentage change from baseline,Visits and length of stay,-0.25,Supermarket & pharmacy
Trafford,Google community mobility trends,2020-07-26,Percentage change from baseline,Visits and length of stay,0.09,Parks*
Trafford,Google community mobility trends,2020-07-27,Percentage change from baseline,Visits and length of stay,-0.21,Retail & recreation
Trafford,Google community mobility trends,2020-07-27,Percentage change from baseline,Visits and length of stay,-0.2,Supermarket & pharmacy
Trafford,Google community mobility trends,2020-07-27,Percentage change from baseline,Visits and length of stay,-0.09,Parks*
Trafford,Google community mobility trends,2020-07-28,Percentage change from baseline,Visits and length of stay,-0.19,Retail & recreation
Trafford,Google community mobility trends,2020-07-28,Percentage change from baseline,Visits and length of stay,-0.13,Supermarket & pharmacy
Trafford,Google community mobility trends,2020-07-28,Percentage change from baseline,Visits and length of stay,0.17,Parks*
Trafford,Google community mobility trends,2020-07-29,Percentage change from baseline,Visits and length of stay,-0.26,Retail & recreation
Trafford,Google community mobility trends,2020-07-29,Percentage change from baseline,Visits and length of stay,-0.12,Supermarket & pharmacy
Trafford,Google community mobility trends,2020-07-29,Percentage change from baseline,Visits and length of stay,0.15,Parks*
Trafford,Google community mobility trends,2020-07-30,Percentage change from baseline,Visits and length of stay,-0.22,Retail & recreation
Trafford,Google community mobility trends,2020-07-30,Percentage change from baseline,Visits and length of stay,-0.11,Supermarket & pharmacy
Trafford,Google community mobility trends,2020-07-30,Percentage change from baseline,Visits and length of stay,0.2,Parks*
Trafford,Google community mobility trends,2020-07-31,Percentage change from baseline,Visits and length of stay,-0.42,Retail & recreation
Trafford,Google community mobility trends,2020-07-31,Percentage change from baseline,Visits and length of stay,-0.2,Supermarket & pharmacy
Trafford,Google community mobility trends,2020-07-31,Percentage change from baseline,Visits and length of stay,0.2,Parks*
Trafford,Google community mobility trends,2020-08-01,Percentage change from baseline,Visits and length of stay,-0.45,Retail & recreation
Trafford,Google community mobility trends,2020-08-01,Percentage change from baseline,Visits and length of stay,-0.2,Supermarket & pharmacy
Trafford,Google community mobility trends,2020-08-01,Percentage change from baseline,Visits and length of stay,-0.21,Parks*
Trafford,Google community mobility trends,2020-08-02,Percentage change from baseline,Visits and length of stay,-0.4,Retail & recreation
Trafford,Google community mobility trends,2020-08-02,Percentage change from baseline,Visits and length of stay,-0.24,Supermarket & pharmacy
Trafford,Google community mobility trends,2020-08-02,Percentage change from baseline,Visits and length of stay,0.09,Parks*
Trafford,Google community mobility trends,2020-08-03,Percentage change from baseline,Visits and length of stay,-0.16,Retail & recreation
Trafford,Google community mobility trends,2020-08-03,Percentage change from baseline,Visits and length of stay,-0.17,Supermarket & pharmacy
Trafford,Google community mobility trends,2020-08-03,Percentage change from baseline,Visits and length of stay,0.25,Parks*
Trafford,Google community mobility trends,2020-08-04,Percentage change from baseline,Visits and length of stay,-0.15,Retail & recreation
Trafford,Google community mobility trends,2020-08-04,Percentage change from baseline,Visits and length of stay,-0.18,Supermarket & pharmacy
Trafford,Google community mobility trends,2020-08-04,Percentage change from baseline,Visits and length of stay,0.1,Parks*
Trafford,Google community mobility trends,2020-08-05,Percentage change from baseline,Visits and length of stay,-0.2,Retail & recreation
Trafford,Google community mobility trends,2020-08-05,Percentage change from baseline,Visits and length of stay,-0.18,Supermarket & pharmacy
Trafford,Google community mobility trends,2020-08-05,Percentage change from baseline,Visits and length of stay,-0.04,Parks*
Trafford,Google community mobility trends,2020-08-06,Percentage change from baseline,Visits and length of stay,-0.25,Retail & recreation
Trafford,Google community mobility trends,2020-08-06,Percentage change from baseline,Visits and length of stay,-0.16,Supermarket & pharmacy
Trafford,Google community mobility trends,2020-08-06,Percentage change from baseline,Visits and length of stay,0.25,Parks*
Trafford,Google community mobility trends,2020-08-07,Percentage change from baseline,Visits and length of stay,-0.36,Retail & recreation
Trafford,Google community mobility trends,2020-08-07,Percentage change from baseline,Visits and length of stay,-0.19,Supermarket & pharmacy
Trafford,Google community mobility trends,2020-08-07,Percentage change from baseline,Visits and length of stay,0.3,Parks*
Trafford,Google community mobility trends,2020-08-08,Percentage change from baseline,Visits and length of stay,-0.48,Retail & recreation
Trafford,Google community mobility trends,2020-08-08,Percentage change from baseline,Visits and length of stay,-0.23,Supermarket & pharmacy
Trafford,Google community mobility trends,2020-08-08,Percentage change from baseline,Visits and length of stay,-0.04,Parks*
Trafford,Google community mobility trends,2020-08-09,Percentage change from baseline,Visits and length of stay,-0.43,Retail & recreation
Trafford,Google community mobility trends,2020-08-09,Percentage change from baseline,Visits and length of stay,-0.22,Supermarket & pharmacy
Trafford,Google community mobility trends,2020-08-09,Percentage change from baseline,Visits and length of stay,0.2,Parks*
Trafford,Google community mobility trends,2020-08-10,Percentage change from baseline,Visits and length of stay,-0.13,Retail & recreation
Trafford,Google community mobility trends,2020-08-10,Percentage change from baseline,Visits and length of stay,-0.19,Supermarket & pharmacy
Trafford,Google community mobility trends,2020-08-10,Percentage change from baseline,Visits and length of stay,0.35,Parks*
Trafford,Google community mobility trends,2020-08-11,Percentage change from baseline,Visits and length of stay,-0.14,Retail & recreation
Trafford,Google community mobility trends,2020-08-11,Percentage change from baseline,Visits and length of stay,-0.16,Supermarket & pharmacy
Trafford,Google community mobility trends,2020-08-11,Percentage change from baseline,Visits and length of stay,0.38,Parks*
Trafford,Google community mobility trends,2020-08-12,Percentage change from baseline,Visits and length of stay,-0.2,Retail & recreation
Trafford,Google community mobility trends,2020-08-12,Percentage change from baseline,Visits and length of stay,-0.15,Supermarket & pharmacy
Trafford,Google community mobility trends,2020-08-12,Percentage change from baseline,Visits and length of stay,0.1,Parks*
Trafford,Google community mobility trends,2020-08-13,Percentage change from baseline,Visits and length of stay,-0.26,Retail & recreation
Trafford,Google community mobility trends,2020-08-13,Percentage change from baseline,Visits and length of stay,-0.12,Supermarket & pharmacy
Trafford,Google community mobility trends,2020-08-13,Percentage change from baseline,Visits and length of stay,0.25,Parks*
Trafford,Google community mobility trends,2020-08-14,Percentage change from baseline,Visits and length of stay,-0.32,Retail & recreation
Trafford,Google community mobility trends,2020-08-14,Percentage change from baseline,Visits and length of stay,-0.16,Supermarket & pharmacy
Trafford,Google community mobility trends,2020-08-14,Percentage change from baseline,Visits and length of stay,0.28,Parks*
Trafford,Google community mobility trends,2020-08-15,Percentage change from baseline,Visits and length of stay,-0.43,Retail & recreation
Trafford,Google community mobility trends,2020-08-15,Percentage change from baseline,Visits and length of stay,-0.2,Supermarket & pharmacy
Trafford,Google community mobility trends,2020-08-15,Percentage change from baseline,Visits and length of stay,-0.06,Parks*
Trafford,Google community mobility trends,2020-08-16,Percentage change from baseline,Visits and length of stay,-0.36,Retail & recreation
Trafford,Google community mobility trends,2020-08-16,Percentage change from baseline,Visits and length of stay,-0.21,Supermarket & pharmacy
Trafford,Google community mobility trends,2020-08-16,Percentage change from baseline,Visits and length of stay,-0.1,Parks*
Trafford,Google community mobility trends,2020-08-17,Percentage change from baseline,Visits and length of stay,-0.06,Retail & recreation
Trafford,Google community mobility trends,2020-08-17,Percentage change from baseline,Visits and length of stay,-0.17,Supermarket & pharmacy
Trafford,Google community mobility trends,2020-08-17,Percentage change from baseline,Visits and length of stay,NA,Parks*
Trafford,Google community mobility trends,2020-08-18,Percentage change from baseline,Visits and length of stay,-0.06,Retail & recreation
Trafford,Google community mobility trends,2020-08-18,Percentage change from baseline,Visits and length of stay,-0.16,Supermarket & pharmacy
Trafford,Google community mobility trends,2020-08-18,Percentage change from baseline,Visits and length of stay,NA,Parks*
Trafford,Google community mobility trends,2020-08-19,Percentage change from baseline,Visits and length of stay,-0.13,Retail & recreation
Trafford,Google community mobility trends,2020-08-19,Percentage change from baseline,Visits and length of stay,-0.18,Supermarket & pharmacy
Trafford,Google community mobility trends,2020-08-19,Percentage change from baseline,Visits and length of stay,NA,Parks*
Trafford,Google community mobility trends,2020-08-20,Percentage change from baseline,Visits and length of stay,-0.2,Retail & recreation
Trafford,Google community mobility trends,2020-08-20,Percentage change from baseline,Visits and length of stay,-0.13,Supermarket & pharmacy
Trafford,Google community mobility trends,2020-08-20,Percentage change from baseline,Visits and length of stay,NA,Parks*
Trafford,Google community mobility trends,2020-08-21,Percentage change from baseline,Visits and length of stay,-0.3,Retail & recreation
Trafford,Google community mobility trends,2020-08-21,Percentage change from baseline,Visits and length of stay,-0.2,Supermarket & pharmacy
Trafford,Google community mobility trends,2020-08-21,Percentage change from baseline,Visits and length of stay,NA,Parks*
Trafford,Google community mobility trends,2020-08-22,Percentage change from baseline,Visits and length of stay,-0.38,Retail & recreation
Trafford,Google community mobility trends,2020-08-22,Percentage change from baseline,Visits and length of stay,-0.2,Supermarket & pharmacy
Trafford,Google community mobility trends,2020-08-22,Percentage change from baseline,Visits and length of stay,-0.32,Parks*
Trafford,Google community mobility trends,2020-08-23,Percentage change from baseline,Visits and length of stay,-0.36,Retail & recreation
Trafford,Google community mobility trends,2020-08-23,Percentage change from baseline,Visits and length of stay,-0.24,Supermarket & pharmacy
Trafford,Google community mobility trends,2020-08-23,Percentage change from baseline,Visits and length of stay,-0.22,Parks*
Trafford,Google community mobility trends,2020-08-24,Percentage change from baseline,Visits and length of stay,-0.01,Retail & recreation
Trafford,Google community mobility trends,2020-08-24,Percentage change from baseline,Visits and length of stay,-0.21,Supermarket & pharmacy
Trafford,Google community mobility trends,2020-08-24,Percentage change from baseline,Visits and length of stay,NA,Parks*
Trafford,Google community mobility trends,2020-08-25,Percentage change from baseline,Visits and length of stay,-0.04,Retail & recreation
Trafford,Google community mobility trends,2020-08-25,Percentage change from baseline,Visits and length of stay,-0.22,Supermarket & pharmacy
Trafford,Google community mobility trends,2020-08-25,Percentage change from baseline,Visits and length of stay,NA,Parks*
Trafford,Google community mobility trends,2020-08-26,Percentage change from baseline,Visits and length of stay,-0.02,Retail & recreation
Trafford,Google community mobility trends,2020-08-26,Percentage change from baseline,Visits and length of stay,-0.15,Supermarket & pharmacy
Trafford,Google community mobility trends,2020-08-26,Percentage change from baseline,Visits and length of stay,NA,Parks*
Trafford,Google community mobility trends,2020-08-27,Percentage change from baseline,Visits and length of stay,-0.17,Retail & recreation
Trafford,Google community mobility trends,2020-08-27,Percentage change from baseline,Visits and length of stay,-0.16,Supermarket & pharmacy
Trafford,Google community mobility trends,2020-08-27,Percentage change from baseline,Visits and length of stay,NA,Parks*
Trafford,Google community mobility trends,2020-08-28,Percentage change from baseline,Visits and length of stay,-0.22,Retail & recreation
Trafford,Google community mobility trends,2020-08-28,Percentage change from baseline,Visits and length of stay,-0.14,Supermarket & pharmacy
Trafford,Google community mobility trends,2020-08-28,Percentage change from baseline,Visits and length of stay,NA,Parks*
Trafford,Google community mobility trends,2020-08-29,Percentage change from baseline,Visits and length of stay,-0.33,Retail & recreation
Trafford,Google community mobility trends,2020-08-29,Percentage change from baseline,Visits and length of stay,-0.17,Supermarket & pharmacy
Trafford,Google community mobility trends,2020-08-29,Percentage change from baseline,Visits and length of stay,-0.12,Parks*
Trafford,Google community mobility trends,2020-08-30,Percentage change from baseline,Visits and length of stay,-0.27,Retail & recreation
Trafford,Google community mobility trends,2020-08-30,Percentage change from baseline,Visits and length of stay,-0.23,Supermarket & pharmacy
Trafford,Google community mobility trends,2020-08-30,Percentage change from baseline,Visits and length of stay,0.13,Parks*
Trafford,Google community mobility trends,2020-08-31,Percentage change from baseline,Visits and length of stay,0.11,Retail & recreation
Trafford,Google community mobility trends,2020-08-31,Percentage change from baseline,Visits and length of stay,-0.26,Supermarket & pharmacy
Trafford,Google community mobility trends,2020-08-31,Percentage change from baseline,Visits and length of stay,NA,Parks*
Trafford,Google community mobility trends,2020-09-01,Percentage change from baseline,Visits and length of stay,-0.14,Retail & recreation
Trafford,Google community mobility trends,2020-09-01,Percentage change from baseline,Visits and length of stay,-0.08,Supermarket & pharmacy
Trafford,Google community mobility trends,2020-09-01,Percentage change from baseline,Visits and length of stay,NA,Parks*
Trafford,Google community mobility trends,2020-09-02,Percentage change from baseline,Visits and length of stay,-0.23,Retail & recreation
Trafford,Google community mobility trends,2020-09-02,Percentage change from baseline,Visits and length of stay,-0.15,Supermarket & pharmacy
Trafford,Google community mobility trends,2020-09-02,Percentage change from baseline,Visits and length of stay,-0.16,Parks*
Trafford,Google community mobility trends,2020-09-03,Percentage change from baseline,Visits and length of stay,-0.16,Retail & recreation
Trafford,Google community mobility trends,2020-09-03,Percentage change from baseline,Visits and length of stay,-0.09,Supermarket & pharmacy
Trafford,Google community mobility trends,2020-09-03,Percentage change from baseline,Visits and length of stay,NA,Parks*
Trafford,Google community mobility trends,2020-09-04,Percentage change from baseline,Visits and length of stay,-0.28,Retail & recreation
Trafford,Google community mobility trends,2020-09-04,Percentage change from baseline,Visits and length of stay,-0.15,Supermarket & pharmacy
Trafford,Google community mobility trends,2020-09-04,Percentage change from baseline,Visits and length of stay,NA,Parks*
Trafford,Google community mobility trends,2020-09-05,Percentage change from baseline,Visits and length of stay,-0.34,Retail & recreation
Trafford,Google community mobility trends,2020-09-05,Percentage change from baseline,Visits and length of stay,-0.14,Supermarket & pharmacy
Trafford,Google community mobility trends,2020-09-05,Percentage change from baseline,Visits and length of stay,-0.11,Parks*
Trafford,Google community mobility trends,2020-09-06,Percentage change from baseline,Visits and length of stay,-0.32,Retail & recreation
Trafford,Google community mobility trends,2020-09-06,Percentage change from baseline,Visits and length of stay,-0.18,Supermarket & pharmacy
Trafford,Google community mobility trends,2020-09-06,Percentage change from baseline,Visits and length of stay,0.01,Parks*
Trafford,Google community mobility trends,2020-09-07,Percentage change from baseline,Visits and length of stay,-0.18,Retail & recreation
Trafford,Google community mobility trends,2020-09-07,Percentage change from baseline,Visits and length of stay,-0.17,Supermarket & pharmacy
Trafford,Google community mobility trends,2020-09-07,Percentage change from baseline,Visits and length of stay,NA,Parks*
Trafford,Google community mobility trends,2020-09-08,Percentage change from baseline,Visits and length of stay,-0.2,Retail & recreation
Trafford,Google community mobility trends,2020-09-08,Percentage change from baseline,Visits and length of stay,-0.12,Supermarket & pharmacy
Trafford,Google community mobility trends,2020-09-08,Percentage change from baseline,Visits and length of stay,NA,Parks*
Trafford,Google community mobility trends,2020-09-09,Percentage change from baseline,Visits and length of stay,-0.27,Retail & recreation
Trafford,Google community mobility trends,2020-09-09,Percentage change from baseline,Visits and length of stay,-0.15,Supermarket & pharmacy
Trafford,Google community mobility trends,2020-09-09,Percentage change from baseline,Visits and length of stay,NA,Parks*
Trafford,Google community mobility trends,2020-09-10,Percentage change from baseline,Visits and length of stay,-0.22,Retail & recreation
Trafford,Google community mobility trends,2020-09-10,Percentage change from baseline,Visits and length of stay,-0.14,Supermarket & pharmacy
Trafford,Google community mobility trends,2020-09-10,Percentage change from baseline,Visits and length of stay,NA,Parks*
Trafford,Google community mobility trends,2020-09-11,Percentage change from baseline,Visits and length of stay,-0.29,Retail & recreation
Trafford,Google community mobility trends,2020-09-11,Percentage change from baseline,Visits and length of stay,-0.16,Supermarket & pharmacy
Trafford,Google community mobility trends,2020-09-11,Percentage change from baseline,Visits and length of stay,-0.01,Parks*
Trafford,Google community mobility trends,2020-09-12,Percentage change from baseline,Visits and length of stay,-0.35,Retail & recreation
Trafford,Google community mobility trends,2020-09-12,Percentage change from baseline,Visits and length of stay,-0.15,Supermarket & pharmacy
Trafford,Google community mobility trends,2020-09-12,Percentage change from baseline,Visits and length of stay,-0.13,Parks*
Trafford,Google community mobility trends,2020-09-13,Percentage change from baseline,Visits and length of stay,-0.35,Retail & recreation
Trafford,Google community mobility trends,2020-09-13,Percentage change from baseline,Visits and length of stay,-0.21,Supermarket & pharmacy
Trafford,Google community mobility trends,2020-09-13,Percentage change from baseline,Visits and length of stay,0.19,Parks*
Trafford,Google community mobility trends,2020-09-14,Percentage change from baseline,Visits and length of stay,-0.21,Retail & recreation
Trafford,Google community mobility trends,2020-09-14,Percentage change from baseline,Visits and length of stay,-0.2,Supermarket & pharmacy
Trafford,Google community mobility trends,2020-09-14,Percentage change from baseline,Visits and length of stay,0.32,Parks*
Trafford,Google community mobility trends,2020-09-15,Percentage change from baseline,Visits and length of stay,-0.22,Retail & recreation
Trafford,Google community mobility trends,2020-09-15,Percentage change from baseline,Visits and length of stay,-0.13,Supermarket & pharmacy
Trafford,Google community mobility trends,2020-09-15,Percentage change from baseline,Visits and length of stay,0.29,Parks*
Trafford,Google community mobility trends,2020-09-16,Percentage change from baseline,Visits and length of stay,-0.27,Retail & recreation
Trafford,Google community mobility trends,2020-09-16,Percentage change from baseline,Visits and length of stay,-0.14,Supermarket & pharmacy
Trafford,Google community mobility trends,2020-09-16,Percentage change from baseline,Visits and length of stay,-0.03,Parks*
Trafford,Google community mobility trends,2020-09-17,Percentage change from baseline,Visits and length of stay,-0.2,Retail & recreation
Trafford,Google community mobility trends,2020-09-17,Percentage change from baseline,Visits and length of stay,-0.14,Supermarket & pharmacy
Trafford,Google community mobility trends,2020-09-17,Percentage change from baseline,Visits and length of stay,0.09,Parks*
Trafford,Google community mobility trends,2020-09-18,Percentage change from baseline,Visits and length of stay,-0.29,Retail & recreation
Trafford,Google community mobility trends,2020-09-18,Percentage change from baseline,Visits and length of stay,-0.16,Supermarket & pharmacy
Trafford,Google community mobility trends,2020-09-18,Percentage change from baseline,Visits and length of stay,0.02,Parks*
Trafford,Google community mobility trends,2020-09-19,Percentage change from baseline,Visits and length of stay,-0.36,Retail & recreation
Trafford,Google community mobility trends,2020-09-19,Percentage change from baseline,Visits and length of stay,-0.16,Supermarket & pharmacy
Trafford,Google community mobility trends,2020-09-19,Percentage change from baseline,Visits and length of stay,-0.13,Parks*
Trafford,Google community mobility trends,2020-09-20,Percentage change from baseline,Visits and length of stay,-0.32,Retail & recreation
Trafford,Google community mobility trends,2020-09-20,Percentage change from baseline,Visits and length of stay,-0.17,Supermarket & pharmacy
Trafford,Google community mobility trends,2020-09-20,Percentage change from baseline,Visits and length of stay,0.1,Parks*
Trafford,Google community mobility trends,2020-09-21,Percentage change from baseline,Visits and length of stay,-0.21,Retail & recreation
Trafford,Google community mobility trends,2020-09-21,Percentage change from baseline,Visits and length of stay,-0.19,Supermarket & pharmacy
Trafford,Google community mobility trends,2020-09-21,Percentage change from baseline,Visits and length of stay,0.22,Parks*
Trafford,Google community mobility trends,2020-09-22,Percentage change from baseline,Visits and length of stay,-0.23,Retail & recreation
Trafford,Google community mobility trends,2020-09-22,Percentage change from baseline,Visits and length of stay,-0.13,Supermarket & pharmacy
Trafford,Google community mobility trends,2020-09-22,Percentage change from baseline,Visits and length of stay,0.02,Parks*
Trafford,Google community mobility trends,2020-09-23,Percentage change from baseline,Visits and length of stay,-0.29,Retail & recreation
Trafford,Google community mobility trends,2020-09-23,Percentage change from baseline,Visits and length of stay,-0.16,Supermarket & pharmacy
Trafford,Google community mobility trends,2020-09-23,Percentage change from baseline,Visits and length of stay,-0.35,Parks*
Trafford,Google community mobility trends,2020-09-24,Percentage change from baseline,Visits and length of stay,-0.22,Retail & recreation
Trafford,Google community mobility trends,2020-09-24,Percentage change from baseline,Visits and length of stay,-0.13,Supermarket & pharmacy
Trafford,Google community mobility trends,2020-09-24,Percentage change from baseline,Visits and length of stay,-0.17,Parks*
Trafford,Google community mobility trends,2020-09-25,Percentage change from baseline,Visits and length of stay,-0.28,Retail & recreation
Trafford,Google community mobility trends,2020-09-25,Percentage change from baseline,Visits and length of stay,-0.14,Supermarket & pharmacy
Trafford,Google community mobility trends,2020-09-25,Percentage change from baseline,Visits and length of stay,-0.14,Parks*
Trafford,Google community mobility trends,2020-09-26,Percentage change from baseline,Visits and length of stay,-0.33,Retail & recreation
Trafford,Google community mobility trends,2020-09-26,Percentage change from baseline,Visits and length of stay,-0.14,Supermarket & pharmacy
Trafford,Google community mobility trends,2020-09-26,Percentage change from baseline,Visits and length of stay,-0.22,Parks*
Trafford,Google community mobility trends,2020-09-27,Percentage change from baseline,Visits and length of stay,-0.29,Retail & recreation
Trafford,Google community mobility trends,2020-09-27,Percentage change from baseline,Visits and length of stay,-0.16,Supermarket & pharmacy
Trafford,Google community mobility trends,2020-09-27,Percentage change from baseline,Visits and length of stay,0.11,Parks*
Trafford,Google community mobility trends,2020-09-28,Percentage change from baseline,Visits and length of stay,-0.18,Retail & recreation
Trafford,Google community mobility trends,2020-09-28,Percentage change from baseline,Visits and length of stay,-0.17,Supermarket & pharmacy
Trafford,Google community mobility trends,2020-09-28,Percentage change from baseline,Visits and length of stay,-0.03,Parks*
Trafford,Google community mobility trends,2020-09-29,Percentage change from baseline,Visits and length of stay,-0.21,Retail & recreation
Trafford,Google community mobility trends,2020-09-29,Percentage change from baseline,Visits and length of stay,-0.12,Supermarket & pharmacy
Trafford,Google community mobility trends,2020-09-29,Percentage change from baseline,Visits and length of stay,0.05,Parks*
Trafford,Google community mobility trends,2020-09-30,Percentage change from baseline,Visits and length of stay,-0.28,Retail & recreation
Trafford,Google community mobility trends,2020-09-30,Percentage change from baseline,Visits and length of stay,-0.16,Supermarket & pharmacy
Trafford,Google community mobility trends,2020-09-30,Percentage change from baseline,Visits and length of stay,-0.45,Parks*
Trafford,Google community mobility trends,2020-10-01,Percentage change from baseline,Visits and length of stay,-0.21,Retail & recreation
Trafford,Google community mobility trends,2020-10-01,Percentage change from baseline,Visits and length of stay,-0.11,Supermarket & pharmacy
Trafford,Google community mobility trends,2020-10-01,Percentage change from baseline,Visits and length of stay,-0.2,Parks*
Trafford,Google community mobility trends,2020-10-02,Percentage change from baseline,Visits and length of stay,-0.3,Retail & recreation
Trafford,Google community mobility trends,2020-10-02,Percentage change from baseline,Visits and length of stay,-0.11,Supermarket & pharmacy
Trafford,Google community mobility trends,2020-10-02,Percentage change from baseline,Visits and length of stay,-0.21,Parks*
Trafford,Google community mobility trends,2020-10-03,Percentage change from baseline,Visits and length of stay,-0.34,Retail & recreation
Trafford,Google community mobility trends,2020-10-03,Percentage change from baseline,Visits and length of stay,-0.13,Supermarket & pharmacy
Trafford,Google community mobility trends,2020-10-03,Percentage change from baseline,Visits and length of stay,-0.55,Parks*
Trafford,Google community mobility trends,2020-10-04,Percentage change from baseline,Visits and length of stay,-0.3,Retail & recreation
Trafford,Google community mobility trends,2020-10-04,Percentage change from baseline,Visits and length of stay,-0.13,Supermarket & pharmacy
Trafford,Google community mobility trends,2020-10-04,Percentage change from baseline,Visits and length of stay,-0.1,Parks*
Trafford,Google community mobility trends,2020-10-05,Percentage change from baseline,Visits and length of stay,-0.25,Retail & recreation
Trafford,Google community mobility trends,2020-10-05,Percentage change from baseline,Visits and length of stay,-0.19,Supermarket & pharmacy
Trafford,Google community mobility trends,2020-10-05,Percentage change from baseline,Visits and length of stay,-0.24,Parks*
Trafford,Google community mobility trends,2020-10-06,Percentage change from baseline,Visits and length of stay,-0.25,Retail & recreation
Trafford,Google community mobility trends,2020-10-06,Percentage change from baseline,Visits and length of stay,-0.12,Supermarket & pharmacy
Trafford,Google community mobility trends,2020-10-06,Percentage change from baseline,Visits and length of stay,-0.28,Parks*
Trafford,Google community mobility trends,2020-10-07,Percentage change from baseline,Visits and length of stay,-0.28,Retail & recreation
Trafford,Google community mobility trends,2020-10-07,Percentage change from baseline,Visits and length of stay,-0.12,Supermarket & pharmacy
Trafford,Google community mobility trends,2020-10-07,Percentage change from baseline,Visits and length of stay,-0.27,Parks*
Trafford,Google community mobility trends,2020-10-08,Percentage change from baseline,Visits and length of stay,-0.24,Retail & recreation
Trafford,Google community mobility trends,2020-10-08,Percentage change from baseline,Visits and length of stay,-0.12,Supermarket & pharmacy
Trafford,Google community mobility trends,2020-10-08,Percentage change from baseline,Visits and length of stay,-0.23,Parks*
Trafford,Google community mobility trends,2020-10-09,Percentage change from baseline,Visits and length of stay,-0.31,Retail & recreation
Trafford,Google community mobility trends,2020-10-09,Percentage change from baseline,Visits and length of stay,-0.12,Supermarket & pharmacy
Trafford,Google community mobility trends,2020-10-09,Percentage change from baseline,Visits and length of stay,-0.3,Parks*
